<?xml version="1.0" encoding="UTF-8"?>
<config date="1494336475271" transient="false">
	<site updateable="true" url="platform:/base/" enabled="true" policy="USER-EXCLUDE">
		<feature id="org.eclipse.e4.rcp" version="1.5.3.v20170228-0512" url="features/org.eclipse.e4.rcp_1.5.3.v20170228-0512/">
		</feature>
		<feature id="org.eclipse.ecf.core.ssl.feature" version="1.1.0.v20160405-1820" url="features/org.eclipse.ecf.core.ssl.feature_1.1.0.v20160405-1820/">
		</feature>
		<feature id="org.eclipse.ecf.filetransfer.httpclient4.feature" version="3.13.1.v20160405-1820" url="features/org.eclipse.ecf.filetransfer.httpclient4.feature_3.13.1.v20160405-1820/">
		</feature>
		<feature id="org.eclipse.ecf.filetransfer.feature" version="3.13.1.v20160405-1820" url="features/org.eclipse.ecf.filetransfer.feature_3.13.1.v20160405-1820/">
		</feature>
		<feature id="org.eclipse.equinox.p2.core.feature" version="1.3.203.v20170131-1444" url="features/org.eclipse.equinox.p2.core.feature_1.3.203.v20170131-1444/">
		</feature>
		<feature id="org.eclipse.ecf.filetransfer.ssl.feature" version="1.1.0.v20160405-1820" url="features/org.eclipse.ecf.filetransfer.ssl.feature_1.1.0.v20160405-1820/">
		</feature>
		<feature id="org.eclipse.help" version="2.2.2.v20170301-0400" url="features/org.eclipse.help_2.2.2.v20170301-0400/" plugin-identifier="org.eclipse.help.base">
		</feature>
		<feature id="org.eclipse.platform" version="4.6.3.v20170301-0400" url="features/org.eclipse.platform_4.6.3.v20170301-0400/">
		</feature>
		<feature id="org.eclipse.ecf.core.feature" version="1.3.0.v20160405-1820" url="features/org.eclipse.ecf.core.feature_1.3.0.v20160405-1820/">
		</feature>
		<feature id="org.eclipse.emf.ecore" version="2.12.0.v20160420-0247" url="features/org.eclipse.emf.ecore_2.12.0.v20160420-0247/">
		</feature>
		<feature id="org.eclipse.equinox.p2.extras.feature" version="1.2.203.v20170131-1444" url="features/org.eclipse.equinox.p2.extras.feature_1.2.203.v20170131-1444/">
		</feature>
		<feature id="org.eclipse.rcp" version="4.6.3.v20170301-0400" url="features/org.eclipse.rcp_4.6.3.v20170301-0400/">
		</feature>
		<feature id="org.eclipse.equinox.p2.rcp.feature" version="1.2.203.v20170131-1444" url="features/org.eclipse.equinox.p2.rcp.feature_1.2.203.v20170131-1444/">
		</feature>
		<feature id="org.eclipse.ecf.filetransfer.httpclient4.ssl.feature" version="1.1.0.v20160405-1820" url="features/org.eclipse.ecf.filetransfer.httpclient4.ssl.feature_1.1.0.v20160405-1820/">
		</feature>
		<feature id="org.eclipse.emf.common" version="2.12.0.v20160420-0247" url="features/org.eclipse.emf.common_2.12.0.v20160420-0247/">
		</feature>
		<feature id="org.eclipse.equinox.p2.user.ui" version="2.2.203.v20170131-1444" url="features/org.eclipse.equinox.p2.user.ui_2.2.203.v20170131-1444/">
		</feature>
	</site>
</config>
